{"mom": 0.015966840000110095, "momz": 0.006984647499957646, "bs": 2.4065000980044714e-06, "cq": 1.7109999498643447e-06, "catoni": 0.05124771999993755, "huber": 0.020157287499969243, "perm": 0.0014994634999675328}