{"gauss": {"Ks": [5, 10, 15, 20], "emp": [1.41406741509651, 1.3856277873891634, 1.5286211465643444, 1.4586535770872842], "bias": [1.5661428096165826, 1.5768919363162563, 1.573884081883233, 1.5733587425452553]}, "t5": {"Ks": [5, 10, 15, 20], "emp": [1.4082287451701831, 1.3392298031610925, 1.4387529682241507, 1.3579448058779535], "bias": [1.5685565616831219, 1.5720536786624866, 1.5649434899967292, 1.5741491828021577]}, "t10": {"Ks": [5, 10, 15, 20], "emp": [1.4236141214184963, 1.3577794346588996, 1.5118878572815035, 1.4341840606896958], "bias": [1.5697504669465263, 1.563606191974601, 1.569460828222271, 1.5655536667278867]}}