{"gauss": {"Ks": [5, 10, 15, 20], "size": [0.015, 0.025, 0.025, 0.035], "power": [0.2, 1.0, 1.0, 1.0], "sigma0": [0.10456735634368702, 0.11573940102069874, 0.13219746242237043, 0.12848129880847017]}, "t5": {"Ks": [5, 10, 15, 20], "size": [0.025, 0.08, 0.055, 0.04], "power": [0.28, 1.0, 1.0, 1.0], "sigma0": [0.10295494638749371, 0.11164519496804347, 0.12290101466246531, 0.11917451809965099]}, "t10": {"Ks": [5, 10, 15, 20], "size": [0.02, 0.05, 0.06, 0.03], "power": [0.29, 1.0, 1.0, 1.0], "sigma0": [0.10309679396655046, 0.11479669120226203, 0.1304884049584347, 0.12610810090348157]}}